Type,Name,Request Count,Failure Count,Median Response Time,Average Response Time,Min Response Time,Max Response Time,Average Content Size,Requests/s,Failures/s,50%,66%,75%,80%,90%,95%,98%,99%,99.9%,99.99%,100%
GET,/,661,0,88,100.46221997278946,47.17699400134734,626.7082219965232,25024.0,5.511668884371067,0.0,88,110,120,120,150,170,210,300,630,630,630
GET,/prod/bike,665,81,130.0,132.92989414731255,36.10984999977518,501.27010100186453,201.97894736842105,5.545022402582088,0.6754087437731565,130,140,150,160,190,210,270,380,500,500,500
GET,/prod/station,670,0,130.0,147.9780227239196,84.69475099991541,1469.1282650019275,233.0,5.586714300345863,0.0,130,150,160,170,190,230,300,360,1500,1500,1500
GET,/prod/top-station,683,10,160.0,170.2250613587873,40.08488000181387,551.5806109979167,8794.853587115666,5.695113234531678,0.0833837955275502,160,170,190,200,230,260,320,390,550,550,550
GET,/prod/trip-hour,685,18,250.0,265.2549790657314,27.63436899840599,1099.1584740004328,19661.379562043796,5.711789993637188,0.15009083194959033,250,270,290,300,320,380,540,650,1100,1100,1100
GET,/prod/trip-month,710,56,180.0,179.40989694091604,39.2872759985039,538.021132000722,9455.442253521127,5.920249482456064,0.4669492549542811,180,190,200,210,240,270,340,380,540,540,540
,Aggregated,4074,165,150.0,166.7387301500076,27.63436899840599,1469.1282650019275,10559.544428080511,33.97055829792395,1.3758326262045781,150,180,200,220,260,300,360,440,670,1500,1500
