Type,Name,Request Count,Failure Count,Median Response Time,Average Response Time,Min Response Time,Max Response Time,Average Content Size,Requests/s,Failures/s,50%,66%,75%,80%,90%,95%,98%,99%,99.9%,99.99%,100%
GET,/,594,0,230.0,231.43704526935903,49.11100399999668,1266.3325590001477,25024.0,4.748062242149933,0.0,230,280,310,320,350,390,480,560,1300,1300,1300
GET,/prod/bike,632,0,210.0,232.27259841297192,33.65524900004857,1265.9630779999134,225.0,5.05181033171508,0.0,210,240,260,320,420,470,660,980,1300,1300,1300
GET,/prod/station,628,1,210.0,232.70248349522487,37.566724000043905,1536.622694000016,232.62898089171975,5.019836848602959,0.00799337077803019,210,240,270,330,400,470,550,810,1500,1500,1500
GET,/prod/top-station,629,0,220.0,237.08924094117842,37.960400999963895,1375.8384570000999,8925.0,5.02783021938099,0.0,220,240,280,330,430,500,590,710,1400,1400,1400
GET,/prod/trip-hour,653,0,220.0,258.4791754395102,43.67271099999925,1390.0308419999874,20191.0,5.219671118053714,0.0,220,250,310,390,500,580,720,1100,1400,1400,1400
GET,/prod/trip-month,605,0,210.0,222.20118944297576,39.3082929999764,1333.5662230001617,10262.0,4.835989320708265,0.0,210,240,260,290,390,480,620,890,1300,1300,1300
,Aggregated,3741,1,220.0,235.96760236541007,33.65524900004857,1536.622694000016,10734.99198075381,29.90320008061094,0.00799337077803019,220,240,280,330,420,490,610,860,1300,1500,1500
