Type,Name,Request Count,Failure Count,Median Response Time,Average Response Time,Min Response Time,Max Response Time,Average Content Size,Requests/s,Failures/s,50%,66%,75%,80%,90%,95%,98%,99%,99.9%,99.99%,100%
GET,/,663,0,120.0,122.46813053701948,51.33926600137784,412.4599419992592,25024.0,5.540627514585367,0.0,120,130,140,150,160,190,260,320,410,410,410
GET,/prod/bike,667,67,150.0,155.24488513490607,42.02388499834342,1101.1111200004962,206.01499250374812,5.574055131566275,0.5599125844301954,150,160,170,180,200,230,310,410,1100,1100,1100
GET,/prod/station,645,0,150.0,162.4403371085386,96.65484200013452,472.9564899989782,233.0,5.390203238171285,0.0,150,170,170,180,200,220,280,380,470,470,470
GET,/prod/top-station,668,40,180.0,189.6632977919025,37.750497000160976,930.0401870004862,8392.724550898203,5.582412035811501,0.33427616980907193,180,200,210,220,240,280,430,500,930,930,930
GET,/prod/trip-hour,637,0,270.0,281.5195012150967,177.7804390003439,1060.9747170001356,20191.0,5.32334800420947,0.0,270,290,300,310,340,370,470,610,1100,1100,1100
GET,/prod/trip-month,717,0,200.0,212.47697185494056,118.50164200041036,592.7904459986166,10262.0,5.991900343827615,0.0,200,220,230,240,260,300,390,480,590,590,590
,Aggregated,3997,107,170.0,187.1122642944788,37.750497000160976,1101.1111200004962,10684.13059794846,33.40254626817151,0.8941887542392674,170,200,220,240,280,310,380,460,930,1100,1100
