Type,Name,Request Count,Failure Count,Median Response Time,Average Response Time,Min Response Time,Max Response Time,Average Content Size,Requests/s,Failures/s,50%,66%,75%,80%,90%,95%,98%,99%,99.9%,99.99%,100%
GET,/,43,0,150.0,164.86296627911986,66.05383699934464,751.3951569999335,25024.0,0.3615708554668801,0.0,150,160,180,190,220,290,750,750,750,750,750
GET,/prod/bike,35,0,190.0,240.90241377135888,115.92261400073767,1418.470583999806,225.0,0.2943018591009489,0.0,190,200,240,270,380,540,1400,1400,1400,1400,1400
GET,/prod/station,28,0,200.0,230.62518071420916,138.9984990000812,422.2584449998976,233.0,0.23544148728075912,0.0,200,260,270,300,360,390,420,420,420,420,420
GET,/prod/top-station,24,0,220.0,224.41769270850878,132.1981590008363,392.44825600144395,8925.0,0.20180698909779354,0.0,220,250,270,280,320,340,390,390,390,390,390
GET,/prod/trip-hour,34,0,330.0,353.22673297067763,205.70257300096273,625.3493839994917,20191.0,0.2858932345552075,0.0,340,370,400,430,470,620,630,630,630,630,630
GET,/prod/trip-month,32,0,230.0,241.2357970624157,146.6202500014333,361.5227629998117,10262.0,0.26907598546372474,0.0,240,260,270,270,320,330,360,360,360,360,360
,Aggregated,196,0,210.0,240.2728374693986,66.05383699934464,1418.470583999806,11834.229591836734,1.6480904109653138,0.0,210,260,280,310,380,430,620,750,1400,1400,1400
