Type,Name,Request Count,Failure Count,Median Response Time,Average Response Time,Min Response Time,Max Response Time,Average Content Size,Requests/s,Failures/s,50%,66%,75%,80%,90%,95%,98%,99%,99.9%,99.99%,100%
GET,/,16372,1,210.0,220.34905020571708,20.10122699994099,9847.534189000271,25022.471536770096,25.864197879976416,0.0015797824260918897,210,260,280,300,330,370,450,550,4000,7000,9800
GET,/prod/bike,16212,5,200.0,199.14656599444754,13.94203900008506,4753.434092999669,224.93060695780903,25.611432691801713,0.007898912130459448,200,220,240,260,350,390,460,520,1800,4800,4800
GET,/prod/station,16324,1,200.0,202.72871042459076,15.482966000035958,4919.0364259998205,232.98572653761332,25.788368323524008,0.0015797824260918897,200,220,240,260,350,390,450,510,3800,4900,4900
GET,/prod/top-station,16104,1,200.0,205.61414280986142,17.84797800019078,4898.129245999826,8924.445789865871,25.440816189783792,0.0015797824260918897,200,220,240,270,360,390,460,530,3400,4700,4900
GET,/prod/trip-hour,16570,1,210.0,222.39347832649497,25.759050000033312,5768.32721899973,20189.781472540737,26.176994800342612,0.0015797824260918897,210,230,260,290,430,470,540,600,1900,5800,5800
GET,/prod/trip-month,16301,4,200.0,203.8340070429402,14.162410000153614,4924.317809000058,10259.481872277775,25.752033327723893,0.006319129704367559,200,220,240,260,350,390,460,530,3200,4900,4900
,Aggregated,97883,13,200.0,209.07032362440881,13.94203900008506,9847.534189000271,10856.037371147186,154.63384321315243,0.020537171539194564,200,230,250,280,360,410,480,550,3300,5800,9800
